item,transcript_id,corpus_name,speaker_id,age,target_child_id,media_start,media_end,target_child_name,audio_file,pitch_mean,pitch_min,pitch_max,pitch_range
duckie,3350,Bernstein,1715,15,1714,397.909,409.73,Alice,010300,187.15545312870145,79.1723225593349,455.37960018322406,-376.2072776238891
duckie,3360,Bernstein,1725,24,1723,562.583,563.419,Cindy,020000,266.4817456442923,178.4225350468078,339.571887511146,-161.14935246433816
duckie,3365,Bernstein,1730,23,1729,178.259,182.044,Gail,011100,234.32246791522903,77.52835990552417,441.2792183638393,-363.7508584583151
duckie,3365,Bernstein,1730,23,1729,182.044,184.993,Gail,011100,266.1750333951241,198.19176251024084,411.00823714045083,-212.81647463021
duckie,3361,Bernstein,1727,17,1724,451.07,465.722,Dale,010500,330.5604665790592,81.09820318584937,504.5121448746011,-423.4139416887517
duckie,3366,Bernstein,1730,25,1729,1010.517,1011.423,Gail,020100,283.89213876095073,210.71221017309207,486.0539285114107,-275.3417183383186
duckie,3366,Bernstein,1730,25,1729,1027.49,1028.303,Gail,020100,250.05988532063773,179.2694184534859,288.79724943742406,-109.52783098393814
duckie,3366,Bernstein,1730,25,1729,1072.651,1074.114,Gail,020100,215.38537408820903,171.04356755508877,256.2160300513536,-85.17246249626481
duckie,4199,Rollins,2540,20,2539,830.421,833.786,DI,di06,281.18690051156324,119.03292236581856,473.3972919177728,-354.36436955195427
duckie,4200,Rollins,2535,9,2533,893.696,896.04,DI,di09,245.67448628100013,213.4105726685126,481.15286278673204,-267.74229011821944
duckie,4202,Rollins,2535,12,2533,629.323,632.605,DI,di12,352.4265460004088,206.73824838114365,496.9791845332714,-290.24093615212774
duckie,4202,Rollins,2535,12,2533,632.788,633.855,DI,di12,394.53478331976044,211.24808656527142,504.7554333992386,-293.5073468339672
duckie,4202,Rollins,2535,12,2533,724.903,726.273,DI,di12,322.26404353677293,172.25247775623475,473.686587090777,-301.4341093345422
duckie,4202,Rollins,2535,12,2533,726.355,727.95,DI,di12,334.77613664130774,208.17711844032402,484.0386845281882,-275.86156608786416
duckie,4202,Rollins,2535,12,2533,876.608,877.581,DI,di12,259.997738161939,109.98148024261825,499.48082600248955,-389.4993457598713
duckie,4257,Rollins,2535,12,2533,542.74,544.44,JW,jw12a,436.029020729095,372.06978330452046,477.877565971801,-105.80778266728055
duckie,4257,Rollins,2535,12,2533,737.86,740.816,JW,jw12a,377.3524424068314,113.52658140419557,492.59861765055615,-379.0720362463606
duckie,4237,Rollins,2535,9,2533,936.936,938.036,IM,im09,279.22864849197475,79.25423638276024,471.5449570028258,-392.2907206200656
duckie,4237,Rollins,2535,9,2533,938.036,939.978,IM,im09,321.17340122336657,111.62282771289888,497.6289934866203,-386.0061657737214
duckie,4309,Rollins,2535,6,2533,435.896,439.461,SW,sw06,414.69350401469154,250.9577119600027,489.73062879893587,-238.77291683893316
duckie,4312,Rollins,2535,6,2533,617.321,621.176,SX,sx06,388.212667553913,245.20789705452015,499.4045855478479,-254.19668849332774
duckie,4318,Rollins,2535,9,2533,471.365,474.803,TE,te09,153.23448021798583,75.04314382243798,182.88355309997277,-107.84040927753479
duckie,6591,Bloom,3148,26,3144,14939.09,14941.496,Peter,020213,148.7492783278585,75.40495052960912,435.2514497937459,-359.8464992641368
duckie,7873,Brent,3843,15,3842,230.031,230.558,Morgan,010304,358.1224115416065,226.6002710285448,523.9776643381889,-297.3773933096441
duckie,7873,Brent,3843,15,3842,231.781,233.315,Morgan,010304,266.0163175607623,214.7901787105109,460.0327125483664,-245.24253383785552
duckie,7865,Brent,3843,10,3842,4206.422,4208.184,Morgan,001014,353.8584068789073,241.78753911546625,416.34554222755736,-174.55800311209111
duckie,7872,Brent,3843,14,3842,2442.888,2444.276,Morgan,010129,374.31407630035807,297.10918878230325,418.08062110234636,-120.9714323200431
duckie,7872,Brent,3843,14,3842,2444.735,2445.82,Morgan,010129,360.26878896353816,297.578230423493,464.0900665630994,-166.51183613960643
duckie,7872,Brent,3843,14,3842,2446.49,2447.745,Morgan,010129,246.17287270117356,173.83669911803727,484.31915699026376,-310.4824578722265
duckie,7870,Brent,3843,13,3842,3512.442,3514.517,Morgan,010109,286.9883506473909,188.02022619034318,390.7774975473012,-202.75727135695803
duckie,7877,Brent,3847,9,3846,1802.122,1803.507,Miranda,000904,336.3368599265841,301.2299105339407,430.23512652898313,-129.00521599504242
duckie,7883,Brent,3847,13,3846,3174.755,3175.827,Miranda,010110,274.07822638336336,198.91621854406986,507.626874835953,-308.71065629188314
duckie,7883,Brent,3847,13,3846,3176.824,3177.52,Miranda,010110,292.33884744761207,239.79110953148867,328.13730379601026,-88.34619426452159
duckie,7884,Brent,3847,14,3846,1689.317,1690.38,Miranda,010124,310.4575550773463,231.57767233019618,474.4201298175708,-242.84245748737462
duckie,7881,Brent,3847,12,3846,412.839,413.452,Miranda,001120,233.0952614218819,100.20472285719087,304.69399176865215,-204.4892689114613
duckie,7884,Brent,3847,14,3846,2429.443,2430.137,Miranda,010124,273.2236426307074,239.63354467120584,391.18223227857743,-151.5486876073716
duckie,7884,Brent,3847,14,3846,3291.733,3292.863,Miranda,010124,260.86694836535275,201.49005810293437,336.21991055308234,-134.72985245014797
duckie,7885,Brent,3847,14,3846,1905.27,1905.857,Miranda,010207,317.58545836314164,292.1736674362051,390.8611616661508,-98.68749422994568
duckie,7924,Brent,3857,14,3856,961.5,962.629,Alexander,010125,281.62792420168233,163.67587519469475,479.9184092626882,-316.24253406799346
duckie,7924,Brent,3857,14,3856,963.344,963.837,Alexander,010125,utterance too short to analyze,utterance too short to analyze,utterance too short to analyze,utterance too short to analyze
duckie,7924,Brent,3857,14,3856,970.071,970.707,Alexander,010125,218.57566401568556,70.4281046803435,502.46633939550816,-432.03823471516466
duckie,7924,Brent,3857,14,3856,971.117,971.903,Alexander,010125,334.80334983885285,194.48683086533111,493.2303641698521,-298.743533304521
duckie,7924,Brent,3857,14,3856,974.024,974.544,Alexander,010125,249.37503828256203,77.91554706576852,481.80498444196667,-403.88943737619815
duckie,7924,Brent,3857,14,3856,976.109,976.782,Alexander,010125,252.28700198011143,153.98963229972833,514.0700025813424,-360.080370281614
duckie,7924,Brent,3857,14,3856,1006.259,1008.02,Alexander,010125,301.5172175563569,208.99882553996883,431.9707092344598,-222.97188369449094
duckie,7924,Brent,3857,14,3856,1015.007,1015.908,Alexander,010125,305.5866100966254,282.417871385664,382.0030431682816,-99.58517178261758
duckie,7924,Brent,3857,14,3856,1022.643,1023.286,Alexander,010125,424.632405854441,386.79503905392056,458.0725594421113,-71.27752038819074
duckie,7924,Brent,3857,14,3856,1044.371,1045.187,Alexander,010125,270.7920437858524,183.9213394801398,437.85561842947016,-253.93427894933035
duckie,7924,Brent,3857,14,3856,1051.071,1052.106,Alexander,010125,232.69869654956034,132.15120746204948,375.42364130817793,-243.27243384612845
duckie,7924,Brent,3857,14,3856,1052.677,1053.656,Alexander,010125,198.86019897731944,80.2698354747459,321.63149912236906,-241.36166364762317
duckie,7924,Brent,3857,14,3856,1097.228,1097.881,Alexander,010125,242.30383017111566,137.67128719468826,399.1452004185153,-261.473913223827
duckie,7924,Brent,3857,14,3856,2297.476,2298.056,Alexander,010125,231.9227544202247,175.4375023757092,289.2657598579092,-113.8282574822
duckie,7919,Brent,3857,10,3856,3001.619,3002.248,Alexander,001005,276.64644136062975,182.43500790436158,386.53146219130093,-204.09645428693935
duckie,7919,Brent,3857,10,3856,3175.901,3176.629,Alexander,001005,404.3709835867264,222.95006796808482,512.9207062535405,-289.9706382854557
duckie,7919,Brent,3857,10,3856,3179.279,3180.341,Alexander,001005,180.72043054426933,135.91892317198656,211.96304544676357,-76.04412227477701
duckie,7919,Brent,3857,10,3856,3181.037,3181.697,Alexander,001005,201.96856786853948,88.23257383822617,332.27047632801373,-244.03790248978754
duckie,7919,Brent,3857,10,3856,3185.572,3187.221,Alexander,001005,169.62752357681572,157.0021385270847,193.91993028088103,-36.91779175379634
duckie,7982,Brent,3867,12,3866,1254.313,1255.508,Timothy,001126,249.14152163935307,196.38876730701523,433.57165842927094,-237.1828911222557
duckie,7979,Brent,3867,10,3866,466.483,467.724,Timothy,001015,271.0694057351404,100.09926630793456,375.7498653733724,-275.65059906543786
duckie,7888,Brent,3847,15,3846,2799.19,2800.061,Miranda,010228,272.83220911289163,177.3605505752423,325.102620690403,-147.7420701151607
duckie,7888,Brent,3847,15,3846,2804.133,2805.099,Miranda,010228,293.9005285330369,260.65683801756944,387.54605154875844,-126.889213531189
duckie,7888,Brent,3847,15,3846,2806.997,2808.01,Miranda,010228,262.43226409889905,105.51904895554213,371.20031276409424,-265.6812638085521
duckie,7888,Brent,3847,15,3846,2811.211,2812.158,Miranda,010228,307.3710937162529,103.86236065115128,394.4520794755299,-290.5897188243786
duckie,7981,Brent,3867,11,3866,2744.524,2745.81,Timothy,001029,283.4800847319274,226.0128054747326,391.8275089195367,-165.81470344480408
duckie,7981,Brent,3867,11,3866,2802.895,2804.201,Timothy,001029,185.9869072544317,94.39705057461191,282.3265204599545,-187.9294698853426
duckie,8017,Brent,3879,12,3856,2570.637,2571.993,Alexander,010005,242.0500487761545,147.9338839499446,458.0532758815863,-310.11939193164164
duckie,8017,Brent,3879,12,3856,2586.877,2588.423,Alexander,010005,251.22958861179032,117.79133056097051,399.5351819458384,-281.7438513848679
duckie,8021,Brent,3879,14,3856,2003.003,2003.677,Alexander,010119,200.0086269664206,80.56357650243841,282.9449918740992,-202.38141537166075
duckie,8061,Brent,3890,15,3887,2109.65,2110.514,Maggie,010217,311.93785235588757,132.30717187331263,487.91952430358765,-355.612352430275
duckie,8061,Brent,3890,15,3887,2111.782,2112.473,Maggie,010217,237.54688185506967,128.62842565927346,500.64870722897786,-372.02028156970437
duckie,8061,Brent,3890,15,3887,2115.793,2116.531,Maggie,010217,248.85916433602492,203.33526397756057,296.4869170856212,-93.15165310806063
duckie,8061,Brent,3890,15,3887,2852.044,2852.844,Maggie,010217,186.68825761109937,81.38551012294023,225.33132826183828,-143.94581813889806
duckie,8062,Brent,3890,15,3887,3905.724,3906.231,Maggie,010228,257.35952980821503,152.53117812708734,357.1933241450768,-204.66214601798947
duckie,8062,Brent,3890,15,3887,3908.078,3908.548,Maggie,010228,utterance too short to analyze,utterance too short to analyze,utterance too short to analyze,utterance too short to analyze
duckie,8062,Brent,3890,15,3887,3909.837,3910.35,Maggie,010228,286.86430698283857,161.92641737885842,417.1667853997484,-255.24036802088997
duckie,8062,Brent,3890,15,3887,3916.314,3917.296,Maggie,010228,264.8376644983032,193.092071389149,345.9661948344877,-152.87412344533868
duckie,9078,Soderstrom,3934,8,3926,915.22,918.612,Theo,000726e,200.31043021932922,75.69016936531645,428.27847148131923,-352.58830211600275
duckie,9078,Soderstrom,3934,8,3926,918.356,920.356,Theo,000726e,204.26037247166715,85.08132169742652,475.69146846680616,-390.61014676937964
duckie,9100,Soderstrom,3934,13,3926,977.097,978.409,Theo,010017,213.15995363881834,82.1480887483885,294.6087753140183,-212.46068656562983
duckie,9102,Soderstrom,3934,13,3926,975.905,977.601,Theo,010028b,188.5638723454181,91.12883547905558,398.487370547171,-307.35853506811543
duckie,9170,Sachs,3942,32,3940,1234.538,1235.854,Naomi,020716,121.22118133703431,106.43234987829742,141.9233940174837,-35.491044139186286
duckie,9173,Sachs,3941,33,3940,1853.003,1857.523,Naomi,020909,255.37195291726294,74.99917288325187,411.38009813135574,-336.38092524810384
duckie,9173,Sachs,3941,33,3940,1857.523,1860.041,Naomi,020909,285.02968200831225,76.16179592822203,343.9739519983072,-267.81215607008517
duckie,9173,Sachs,3942,33,3940,1869.231,1870.481,Naomi,020909,358.505289284404,291.6514908700089,424.143278305338,-132.49178743532912
duckie,9267,McCune,3960,17,3959,1513.383,1518.72,Jas,010500,audio file missing,audio file missing,audio file missing,audio file missing
duckie,9415,Weist,3989,36,3985,1392.363,1394.823,Emma,030003,149.7876075078509,75.45638942091891,358.9106305090001,-283.4542410880812
duckie,9415,Weist,3987,36,3985,1398.481,1401.275,Emma,030003,269.81004087718577,209.43249906804348,451.17129713416585,-241.73879806612237
duckie,9454,Weist,4000,31,3993,1619.895,1626.163,Jillian,020707,248.4738978011369,117.6981476530135,497.83889397292904,-380.14074631991554
duckie,9754,NewmanRatner,4238,7,4236,43.942,46.582,4452CM,4452CM-07,audio file missing,audio file missing,audio file missing,audio file missing
duckie,9755,NewmanRatner,4243,7,4242,361.691,368.282,4592HVG,4592HVG-07,audio file missing,audio file missing,audio file missing,audio file missing
duckie,9753,NewmanRatner,4235,7,4234,670.863,673.583,4310AM,4310AM-07,audio file missing,audio file missing,audio file missing,audio file missing
duckie,9760,NewmanRatner,4260,7,4259,726.73,733.306,4664AM,4664AM-07,audio file missing,audio file missing,audio file missing,audio file missing
duckie,9760,NewmanRatner,4260,7,4259,733.306,734.649,4664AM,4664AM-07,audio file missing,audio file missing,audio file missing,audio file missing
duckie,9760,NewmanRatner,4260,7,4259,734.649,736.725,4664AM,4664AM-07,audio file missing,audio file missing,audio file missing,audio file missing
duckie,9760,NewmanRatner,4260,7,4259,751.652,754.149,4664AM,4664AM-07,audio file missing,audio file missing,audio file missing,audio file missing
duckie,9760,NewmanRatner,4260,7,4259,758.485,760.068,4664AM,4664AM-07,audio file missing,audio file missing,audio file missing,audio file missing
duckie,9760,NewmanRatner,4260,7,4259,760.068,762.516,4664AM,4664AM-07,audio file missing,audio file missing,audio file missing,audio file missing
duckie,9766,NewmanRatner,4273,7,4272,101.963,104.634,4734ES,4734ES-07,audio file missing,audio file missing,audio file missing,audio file missing
duckie,9779,NewmanRatner,4312,7,4311,12.837,14.704,4997LM,4997LM-07,audio file missing,audio file missing,audio file missing,audio file missing
duckie,9779,NewmanRatner,4312,7,4311,14.704,17.537,4997LM,4997LM-07,audio file missing,audio file missing,audio file missing,audio file missing
duckie,9779,NewmanRatner,4312,7,4311,17.537,22.315,4997LM,4997LM-07,audio file missing,audio file missing,audio file missing,audio file missing
duckie,9779,NewmanRatner,4312,7,4311,98.519,116.531,4997LM,4997LM-07,audio file missing,audio file missing,audio file missing,audio file missing
duckie,9779,NewmanRatner,4312,7,4311,116.531,118.318,4997LM,4997LM-07,audio file missing,audio file missing,audio file missing,audio file missing
duckie,9779,NewmanRatner,4312,7,4311,617.95,627.408,4997LM,4997LM-07,audio file missing,audio file missing,audio file missing,audio file missing
duckie,9797,NewmanRatner,4361,7,4360,367.122,369.229,5443AO,5443AO-07,audio file missing,audio file missing,audio file missing,audio file missing
duckie,9782,NewmanRatner,4321,7,4319,265.515,270.345,5057MS,5057MS-07,audio file missing,audio file missing,audio file missing,audio file missing
duckie,9782,NewmanRatner,4321,7,4319,362.73,363.845,5057MS,5057MS-07,audio file missing,audio file missing,audio file missing,audio file missing
duckie,9807,NewmanRatner,4407,7,4406,528.584,530.353,5573IH,5573IH-07,audio file missing,audio file missing,audio file missing,audio file missing
duckie,9816,NewmanRatner,4421,7,4420,725.644,727.144,5733LE,5733LE-07,audio file missing,audio file missing,audio file missing,audio file missing
duckie,9816,NewmanRatner,4421,7,4420,732.901,734.975,5733LE,5733LE-07,audio file missing,audio file missing,audio file missing,audio file missing
duckie,9793,NewmanRatner,4350,7,4348,484.34,491.027,5303CW,5303CW-07,audio file missing,audio file missing,audio file missing,audio file missing
duckie,9793,NewmanRatner,4350,7,4348,484.34,491.027,5303CW,5303CW-07,audio file missing,audio file missing,audio file missing,audio file missing
duckie,9793,NewmanRatner,4350,7,4348,491.027,492.968,5303CW,5303CW-07,audio file missing,audio file missing,audio file missing,audio file missing
duckie,9793,NewmanRatner,4350,7,4348,699.532,716.168,5303CW,5303CW-07,audio file missing,audio file missing,audio file missing,audio file missing
duckie,9789,NewmanRatner,4343,7,4338,535.404,540.029,5196AVI,5196AVI-07,audio file missing,audio file missing,audio file missing,audio file missing
duckie,9833,NewmanRatner,4479,7,4475,427.99,431.705,6043AM,6043AM-07,audio file missing,audio file missing,audio file missing,audio file missing
duckie,9843,NewmanRatner,4497,7,4496,258.709,261.753,6598JM,6598JM-07,audio file missing,audio file missing,audio file missing,audio file missing
duckie,9842,NewmanRatner,4500,7,4499,203.267,205.972,6510LC,6510LC-07,audio file missing,audio file missing,audio file missing,audio file missing
duckie,9842,NewmanRatner,4500,7,4499,205.972,207.933,6510LC,6510LC-07,audio file missing,audio file missing,audio file missing,audio file missing
duckie,9846,NewmanRatner,4524,7,4520,343.798,345.052,6785KS,6785KS-07,audio file missing,audio file missing,audio file missing,audio file missing
duckie,9854,NewmanRatner,4530,7,4529,687.269,694.242,7018NB,7018NB-07,audio file missing,audio file missing,audio file missing,audio file missing
duckie,9854,NewmanRatner,4530,7,4529,694.242,696.444,7018NB,7018NB-07,audio file missing,audio file missing,audio file missing,audio file missing
duckie,9854,NewmanRatner,4530,7,4529,696.444,699.772,7018NB,7018NB-07,audio file missing,audio file missing,audio file missing,audio file missing
duckie,9859,NewmanRatner,4544,7,4539,648.03,652.671,7120CB,7120CB-07,audio file missing,audio file missing,audio file missing,audio file missing
duckie,9859,NewmanRatner,4544,7,4539,658.898,662.154,7120CB,7120CB-07,audio file missing,audio file missing,audio file missing,audio file missing
duckie,9878,NewmanRatner,4594,10,4593,76.994,84.381,4592HVG,4592HVG-10,208.94686309119402,76.46690700220962,447.929768345658,-371.46286134344837
duckie,9878,NewmanRatner,4594,10,4593,84.381,86.548,4592HVG,4592HVG-10,262.57304425051854,138.28688304210948,496.49872202653233,-358.21183898442285
duckie,9891,NewmanRatner,4622,10,4621,449.288,451.188,4743NA,4743NA-10,290.3238686803442,197.20381480847436,465.5440241403617,-268.34020933188737
duckie,9891,NewmanRatner,4622,10,4621,451.188,452.859,4743NA,4743NA-10,349.042302705062,257.9956914305715,498.18098624458065,-240.18529481400913
duckie,9891,NewmanRatner,4622,10,4621,462.153,466.898,4743NA,4743NA-10,196.33895467651197,84.0723909225319,504.35458678248307,-420.2821958599512
duckie,9884,NewmanRatner,4487,10,4261,519.209,544.405,4687NH,4687NH-10,245.75007629050197,78.314227133924,478.59385758963,-400.27963045570596
duckie,9925,NewmanRatner,4676,10,4673,135.194,139.281,5550VS,5550VS-10,335.7363444909155,193.02778622514623,499.751502831843,-306.7237166066968
duckie,9928,NewmanRatner,4683,10,4681,43.922,45.575,5571FW,5571FW-10,161.95288255495592,139.04038731883446,202.59039807631459,-63.55001075748012
duckie,9932,NewmanRatner,4707,10,4706,243.017,245.503,5593SH,5593SH-10,265.7893348680421,136.66212408877658,473.22074207069244,-336.55861798191586
duckie,9948,NewmanRatner,4701,10,4700,182.005,183.608,5903AE,5903AE-10,305.7659183698722,208.60303437992042,468.1445826561711,-259.5415482762507
duckie,9948,NewmanRatner,4701,10,4700,203.317,205.906,5903AE,5903AE-10,326.1614361381823,235.9981435964521,410.80994747680546,-174.81180388035335
duckie,9971,NewmanRatner,4731,10,4730,112.612,114.076,6815KG,6815KG-10,272.42914020613176,122.03553681329004,519.454780256524,-397.419243443234
duckie,9971,NewmanRatner,4731,10,4730,114.076,117.556,6815KG,6815KG-10,220.22330024720847,85.72253883236299,415.91943147025387,-330.19689263789087
duckie,9969,NewmanRatner,4728,10,4727,672.001,678.685,6785KS,6785KS-10,276.19839361416183,207.9073645791327,350.6936901834265,-142.7863256042938
duckie,9887,NewmanRatner,4720,10,4718,548.035,550.281,4724LM,4724LM-10,241.41319725739135,78.13048705565211,482.90720876425115,-404.77672170859904
duckie,9997,NewmanRatner,4770,11,4765,440.049,443.106,4273WC,4273WC-11,304.60061474637456,162.6867810789964,511.5916002426942,-348.90481916369777
duckie,9997,NewmanRatner,4770,11,4765,444.962,446.914,4273WC,4273WC-11,251.32434002157336,140.46498156439426,500.7179871416407,-360.2530055772464
duckie,9984,NewmanRatner,4773,10,4772,186.76,190.484,7222MD,7222MD-10,209.2134313672079,184.94315345054343,227.33422050028642,-42.391067049742986
duckie,9999,NewmanRatner,4779,11,4777,120.126,122.223,4452CM,4452CM-11,288.74406213803445,203.55626857772197,370.6372490622549,-167.08098048453294
duckie,9998,NewmanRatner,4776,11,4775,336.216,337.737,4310AM,4310AM-11,195.48660264001666,80.2900798801622,292.94315220422686,-212.65307232406468
duckie,9998,NewmanRatner,4776,11,4775,337.737,339.899,4310AM,4310AM-11,258.77390990870725,201.06847029114982,461.1252974322871,-260.05682714113726
duckie,9998,NewmanRatner,4776,11,4775,339.899,342.109,4310AM,4310AM-11,273.1780550694482,221.77666077957403,502.3624450496477,-280.58578427007365
duckie,9999,NewmanRatner,4779,11,4777,229.416,231.061,4452CM,4452CM-11,277.60424695851606,125.10386186370232,495.74700483506257,-370.64314297136025
duckie,10002,NewmanRatner,4797,11,4796,149.988,153.375,4629AB,4629AB-11,238.7736774192524,93.01036279315414,489.00255480827707,-395.9921920151229
duckie,10005,NewmanRatner,4613,11,4612,91.454,96.873,4664AM,4664AM-11,337.9319901974699,187.01923891043631,487.4876034647351,-300.4683645542988
duckie,10005,NewmanRatner,4613,11,4612,96.873,97.376,4664AM,4664AM-11,458.30251084245964,449.100595038059,465.78322060695206,-16.68262556889306
duckie,10005,NewmanRatner,4613,11,4612,97.376,97.654,4664AM,4664AM-11,utterance too short to analyze,utterance too short to analyze,utterance too short to analyze,utterance too short to analyze
duckie,10005,NewmanRatner,4613,11,4612,97.654,98.029,4664AM,4664AM-11,utterance too short to analyze,utterance too short to analyze,utterance too short to analyze,utterance too short to analyze
duckie,10005,NewmanRatner,4613,11,4612,98.477,102.546,4664AM,4664AM-11,252.06220453717282,174.47414112511817,467.4868252182772,-293.012684093159
duckie,10005,NewmanRatner,4613,11,4612,102.546,104.444,4664AM,4664AM-11,245.15584372631136,186.35013165482826,283.87262293918354,-97.52249128435528
duckie,10005,NewmanRatner,4613,11,4612,104.444,107.904,4664AM,4664AM-11,303.59227050828855,262.64504663703525,442.5768731986401,-179.93182656160485
duckie,10005,NewmanRatner,4613,11,4612,107.904,110.058,4664AM,4664AM-11,311.6176352341188,219.96651098786472,497.8478743979782,-277.8813634101135
duckie,10005,NewmanRatner,4613,11,4612,265.155,266.042,4664AM,4664AM-11,459.82592725909427,451.1253121701394,466.1993005117324,-15.073988341593008
duckie,10005,NewmanRatner,4613,11,4612,299.718,300.542,4664AM,4664AM-11,281.9866678365314,256.60067404851355,329.06612200030565,-72.4654479517921
duckie,10005,NewmanRatner,4613,11,4612,300.542,303.786,4664AM,4664AM-11,295.5663944726201,261.64307724931035,337.7522975288172,-76.10922027950687
duckie,10005,NewmanRatner,4613,11,4612,326.149,327.974,4664AM,4664AM-11,409.4137571935999,347.9539488102251,470.22212107309343,-122.26817226286835
duckie,10005,NewmanRatner,4613,11,4612,330.362,331.33,4664AM,4664AM-11,378.84008660872774,339.7811933619631,438.5601137210945,-98.7789203591314
duckie,10005,NewmanRatner,4613,11,4612,345.511,347.569,4664AM,4664AM-11,435.3384980123719,394.1105964280003,476.5075419783398,-82.39694555033952
duckie,10005,NewmanRatner,4613,11,4612,383.464,384.16,4664AM,4664AM-11,442.777117546597,385.53241418905264,495.38602658581385,-109.8536123967612
duckie,10012,NewmanRatner,4815,11,4814,680.731,684.296,4743NA,4743NA-11,273.6419735657668,155.95372026948192,476.3646960292877,-320.41097575980575
duckie,10012,NewmanRatner,4815,11,4814,686.214,687.259,4743NA,4743NA-11,215.68133948524348,164.58628477342108,254.20084968649925,-89.61456491307817
duckie,10012,NewmanRatner,4815,11,4814,688.055,689.053,4743NA,4743NA-11,317.6787629700597,178.09491339187838,459.5039206645181,-281.4090072726397
duckie,10037,NewmanRatner,4861,11,4859,156.576,163.718,5303CW,5303CW-11,282.1029037130263,135.6587512118569,519.4725355716979,-383.813784359841
duckie,10037,NewmanRatner,4861,11,4859,156.576,163.718,5303CW,5303CW-11,282.1029037130263,135.6587512118569,519.4725355716979,-383.813784359841
duckie,10037,NewmanRatner,4861,11,4859,658.704,666.013,5303CW,5303CW-11,203.6325673362458,133.96036093983076,482.7389747862381,-348.7786138464073
duckie,10037,NewmanRatner,4861,11,4859,658.704,666.013,5303CW,5303CW-11,203.6325673362458,133.96036093983076,482.7389747862381,-348.7786138464073
duckie,10058,NewmanRatner,4914,11,4913,263.081,266.22,5694MC,5694MC-11,246.17256323039783,199.67228822888583,296.26810382561484,-96.59581559672901
duckie,10059,NewmanRatner,4917,11,4916,562.707,570.976,5707RT,5707RT-11,263.4408603008873,143.52027270826457,420.5982500288347,-277.0779773205701
duckie,10060,NewmanRatner,4421,11,4420,150.87,153.226,5733LE,5733LE-11,466.25497819322015,434.84706157188685,502.82854354340486,-67.98148197151801
duckie,10070,NewmanRatner,4934,11,4931,618.458,620.854,5928RL,5928RL-11,325.2623804860244,260.634223471546,459.7590745438082,-199.12485107226217
duckie,10077,NewmanRatner,4479,11,4475,168.881,171.231,6043AM,6043AM-11,268.0390886817487,189.27834556967133,483.13657731651193,-293.8582317468406
duckie,10077,NewmanRatner,4479,11,4475,174.165,176.394,6043AM,6043AM-11,207.51000443120324,183.12664224559427,257.65654418442296,-74.52990193882869
duckie,10077,NewmanRatner,4479,11,4475,178.745,181.345,6043AM,6043AM-11,176.4192674553084,73.71901024698346,250.6625005011968,-176.94349025421334
duckie,10077,NewmanRatner,4479,11,4475,597.364,600.148,6043AM,6043AM-11,222.98613619728448,185.92064554363242,280.9134245044787,-94.9927789608463
duckie,10084,NewmanRatner,4959,11,4958,924.562,926.906,6454MB,6454MB-11,201.86318630128275,78.56158013859309,292.1938773700807,-213.63229723148763
duckie,10104,NewmanRatner,4998,11,4997,538.714,548.381,7120CB,7120CB-11,286.1305187823791,191.05770867133663,492.3434017125223,-301.28569304118565
duckie,10106,NewmanRatner,5005,11,5003,271.83,276.288,7183TB,7183TB-11,235.90612936374453,97.97801841753437,488.20950873579056,-390.2314903182562
duckie,10106,NewmanRatner,5005,11,5003,279.716,283.431,7183TB,7183TB-11,234.04955659115234,114.90174583190644,427.14391054487174,-312.2421647129653
duckie,10106,NewmanRatner,5005,11,5003,283.431,288.465,7183TB,7183TB-11,234.984540149216,118.51956084457427,495.678178699654,-377.1586178550797
duckie,10115,NewmanRatner,5032,11,5029,724.86,725.839,7553JT,7553JT-11,304.90774359699003,225.19665317408806,415.63091550415817,-190.4342623300701
duckie,10121,NewmanRatner,5050,24,5048,238.848,243.595,5196AV,5196AV-18,audio file missing,audio file missing,audio file missing,audio file missing
duckie,10121,NewmanRatner,5050,24,5048,243.595,245.574,5196AV,5196AV-18,audio file missing,audio file missing,audio file missing,audio file missing
duckie,10137,NewmanRatner,5085,18,5083,254.611,256.687,5707RT,5707RT-18,199.88324470355835,147.47507378677622,341.0931036973804,-193.61802991060418
duckie,10137,NewmanRatner,5085,18,5083,256.687,261.674,5707RT,5707RT-18,212.11343742630928,71.84591540087814,351.5569670856803,-279.71105168480216
duckie,10137,NewmanRatner,5085,18,5083,261.674,264.299,5707RT,5707RT-18,279.09711990044855,148.7235316973473,383.3767716817545,-234.6532399844072
duckie,10137,NewmanRatner,5085,18,5083,264.299,266.444,5707RT,5707RT-18,260.1688164904937,180.74780762652105,481.6698152168526,-300.92200759033153
duckie,10137,NewmanRatner,5085,18,5083,266.444,269.413,5707RT,5707RT-18,152.53645630322902,131.10064013945637,175.39168485843913,-44.29104471898276
duckie,10137,NewmanRatner,5085,18,5083,275.17,281.198,5707RT,5707RT-18,229.64784101095907,79.02143142853038,393.21416749982797,-314.1927360712976
duckie,10173,NewmanRatner,5167,24,5166,142.839,147.719,4310AM,4310AM-24,193.10035144555349,118.6008445004542,436.0906565130275,-317.48981201257334
duckie,10173,NewmanRatner,5167,24,5166,192.303,193.247,4310AM,4310AM-24,205.60691008981073,191.46800206342746,219.42011948250854,-27.952117419081077
duckie,10173,NewmanRatner,5167,24,5166,193.247,194.831,4310AM,4310AM-24,234.17639179432012,94.07996226818213,383.07581978665206,-288.99585751846996
duckie,10171,NewmanRatner,5160,24,5158,482.33,484.821,4273WC,4273WC-24,323.1850934785989,185.38400565064066,476.3725165009073,-290.9885108502666
duckie,10173,NewmanRatner,5167,24,5166,421.879,423.991,4310AM,4310AM-24,240.48606010550645,100.31724669523526,327.1778917899441,-226.86064509470884
duckie,10248,NewmanRatner,5314,24,5311,320.416,335.482,5936SR,5936SR-24,310.7201211961902,155.44355556451376,499.3961616731871,-343.95260610867336
duckie,10257,NewmanRatner,5322,24,5321,914.19,916.526,6314AK,6314AK-24,262.108053610715,197.985760874561,517.2057648009097,-319.2200039263487
duckie,10253,NewmanRatner,4479,24,4475,815.62,825.956,6043AM,6043AM-24,258.3358069378097,76.53557865135329,477.4412336762052,-400.90565502485185
duckie,10288,NewmanRatner,5414,24,5412,936.152,938.941,7419EB,7419EB-24,326.44250435568796,202.84144402285673,498.31136648999194,-295.46992246713523
duckie,10341,NewmanRatner,4361,7,4360,534.973,537.025,5443AO,5443AO-07,audio file missing,audio file missing,audio file missing,audio file missing
duckie,10314,NewmanRatner,4302,7,4298,157.996,160.593,4814BS,4814BS-07,audio file missing,audio file missing,audio file missing,audio file missing
duckie,10421,NewmanRatner,4596,10,4236,273.306,273.924,4452CM,4452CM-10,--undefined--,--undefined--,--undefined--,--undefined--
duckie,10421,NewmanRatner,4239,10,4236,273.924,275.458,4452CM,4452CM-10,325.58788247903504,138.956180499253,467.34898693935673,-328.39280644010375
duckie,10546,NewmanRatner,4797,11,4796,231.553,235.148,4629AB,4629AB-11,286.10183605140463,180.17295256050363,503.9018499530371,-323.72889739253344
duckie,10546,NewmanRatner,4797,11,4796,238.82,243.267,4629AB,4629AB-11,231.3457465595547,138.10108817945525,433.16521747297486,-295.0641292935196
duckie,10669,NewmanRatner,5057,18,5055,115.959,120.951,5543EF,5543EF-18,291.5668768465512,194.80836174513928,505.14406969562407,-310.3357079504848
duckie,10689,NewmanRatner,5107,18,5103,129.444,132.292,5936SR,5936SR-18,194.54992558215102,160.55371306997492,489.6273543999863,-329.07364133001136
duckie,42204,Providence,22707,17,22704,558.035,559.221,Alex,010427,177.65518385279697,114.08070145126993,320.5247911802273,-206.44408972895735
duckie,42204,Providence,22707,17,22704,1016.528,1022.426,Alex,010427,213.51155944687912,178.29672585264495,442.19054108941594,-263.893815236771
duckie,42204,Providence,22707,17,22704,1031.221,1033.704,Alex,010427,185.23341831188839,144.27041997133333,461.6670131384506,-317.3965931671173
duckie,42204,Providence,22707,17,22704,1033.704,1041.665,Alex,010427,237.5062163192002,155.25266788249533,487.50535116958883,-332.25268328709353
duckie,42204,Providence,22707,17,22704,1041.665,1050.675,Alex,010427,219.26696358570712,113.67914299039204,488.2073647236314,-374.5282217332393
duckie,42209,Providence,22707,20,22704,541.851,545.988,Alex,010811,207.62851549127384,143.3844856694889,474.2279825071242,-330.84349683763526
duckie,42207,Providence,22707,18,22704,1130.896,1134.706,Alex,010614,221.7726600093781,94.82944055510562,499.13047020626846,-404.3010296511628
duckie,42207,Providence,22707,18,22704,1143.973,1145.581,Alex,010614,175.72125720015754,141.1462741027984,204.5009154692334,-63.354641366435004
duckie,42207,Providence,22707,18,22704,1145.581,1155.036,Alex,010614,203.1021274233384,70.78887981509592,498.3493036742312,-427.56042385913526
duckie,42207,Providence,22707,18,22704,1162.526,1165.143,Alex,010614,213.69610487617692,113.14693215770947,274.2457746306371,-161.0988424729276
duckie,42207,Providence,22707,18,22704,1165.143,1178.973,Alex,010614,235.59424628715996,76.7464281729532,511.1140249318756,-434.3675967589224
duckie,42207,Providence,22707,18,22704,1178.973,1180.623,Alex,010614,197.38594905448667,160.35541074184104,443.3057100051045,-282.95029926326345
duckie,42207,Providence,22707,18,22704,1180.623,1184.836,Alex,010614,250.04681080277078,77.67276289992179,468.2655760593259,-390.5928131594041
duckie,42206,Providence,22707,18,22704,1401.596,1402.743,Alex,010526,213.28137365468342,161.3491846473762,282.40129129227904,-121.05210664490284
duckie,42207,Providence,22707,18,22704,1287.901,1292.423,Alex,010614,217.511952103512,73.1048215595503,487.67282213299325,-414.56800057344293
duckie,42209,Providence,22707,20,22704,953.246,955.105,Alex,010811,336.0518806198803,270.22521628738355,492.5221153438736,-222.29689905649008
duckie,42209,Providence,22707,20,22704,1051.356,1054.94,Alex,010811,143.54541816407536,65.52319317907748,471.33428782722257,-405.81109464814506
duckie,42209,Providence,22707,20,22704,1058.821,1064.58,Alex,010811,217.13728938449503,75.68744999509626,494.052920226461,-418.3654702313648
duckie,42209,Providence,22707,20,22704,1071.341,1080.636,Alex,010811,259.34298004246443,47.54042400854469,491.7903519373698,-444.2499279288251
duckie,42209,Providence,22707,20,22704,1086.228,1096.181,Alex,010811,266.26242316728536,65.69399987501029,526.5927689658125,-460.89876909080226
duckie,42209,Providence,22707,20,22704,1096.181,1100.545,Alex,010811,237.94673207550957,75.21223200160598,418.6194930730218,-343.4072610714158
duckie,42216,Providence,22707,23,22704,545.575,548.12,Alex,011024,255.20005325532173,66.86718142717491,415.40586128635056,-348.53867985917566
duckie,42216,Providence,22707,23,22704,560.465,567.05,Alex,011024,249.44011319577388,75.73493917840322,526.7350194332204,-451.00008025481714
duckie,42216,Providence,22707,23,22704,578.678,580.241,Alex,011024,205.2705349643217,110.29955908989339,237.51631155492683,-127.21675246503344
duckie,42213,Providence,22707,23,22704,1442.515,1445.915,Alex,011103,196.06175260755975,94.9817055421904,304.41697644283386,-209.43527090064345
duckie,42212,Providence,22707,21,22704,1732.57,1742.105,Alex,010908,346.03457383067007,75.44226695260909,499.29187636767534,-423.84960941506625
duckie,42212,Providence,22707,21,22704,1749.985,1752.581,Alex,010908,196.1742499472647,162.54716560217483,497.7552640253433,-335.2080984231685
duckie,42212,Providence,22707,21,22704,1760.013,1765.235,Alex,010908,174.3179074810511,77.94828561879581,483.66674763980893,-405.7184620210131
duckie,42212,Providence,22707,21,22704,1780.903,1781.28,Alex,010908,utterance too short to analyze,utterance too short to analyze,utterance too short to analyze,utterance too short to analyze
duckie,42212,Providence,22707,21,22704,1798.106,1800.236,Alex,010908,176.39757940039556,164.81994113913726,469.3029093071291,-304.4829681679918
duckie,42212,Providence,22707,21,22704,3441.41,3442.998,Alex,010908,238.6718072097332,81.18600733325769,370.7176199780704,-289.5316126448127
duckie,42229,Providence,22707,29,22704,2760.586,2764.703,Alex,020509,276.972655992975,113.67628261586201,401.24896305648826,-287.57268044062624
duckie,42229,Providence,22707,29,22704,2778.048,2779.71,Alex,020509,222.5590384624185,188.84808394212175,264.3375214200691,-75.48943747794735
duckie,42264,Providence,22721,15,22720,1396.413,1402.486,Ethan,010315,269.93434799347233,158.86127366022484,433.35133520441366,-274.49006154418885
duckie,42264,Providence,22721,15,22720,1407.188,1410.931,Ethan,010315,263.5353169994669,143.16271297685887,496.33809741653903,-353.17538443968016
duckie,42264,Providence,22721,15,22720,1491.988,1501.825,Ethan,010315,225.3719966817657,68.62636017609597,506.50239217126455,-437.87603199516855
duckie,42307,Providence,22729,14,22728,197.503,199.726,Lily,010202,297.790433665858,256.61507713611053,424.2442935865803,-167.62921645046976
duckie,42307,Providence,22729,14,22728,199.726,202.583,Lily,010202,134.5152681011854,79.96663019231991,162.56241644132652,-82.59578624900661
duckie,42307,Providence,22729,14,22728,270.01,270.81,Lily,010202,256.34729440198595,174.28135771847076,354.9692223111246,-180.68786459265385
duckie,42307,Providence,22729,14,22728,270.81,272.296,Lily,010202,273.7894822235254,130.65250023879202,367.43831255698365,-236.78581231819163
duckie,42305,Providence,22729,13,22728,666.156,667.785,Lily,010102,428.3722170218294,380.77495723782937,485.18523897341385,-104.41028173558448
duckie,42305,Providence,22729,13,22728,764.368,765.608,Lily,010102,199.24435315063607,146.01366309611535,304.6690515332034,-158.65538843708805
duckie,42305,Providence,22729,13,22728,1084.521,1086.033,Lily,010102,168.01866827033516,131.17708763536442,288.3232980835546,-157.1462104481902
duckie,42305,Providence,22729,13,22728,1086.985,1088.561,Lily,010102,172.32007156948433,67.24772717236885,319.6248774708702,-252.37715029850136
duckie,42305,Providence,22729,13,22728,1114.715,1116.361,Lily,010102,236.7219017030672,138.62395001494318,499.3927314881213,-360.76878147317814
duckie,42305,Providence,22729,13,22728,1117.458,1118.385,Lily,010102,164.05437962526733,130.63496337095773,188.55389943364403,-57.9189360626863
duckie,42307,Providence,22729,14,22728,1116.386,1117.953,Lily,010202,183.22086968813286,78.8878026784779,495.66256178559274,-416.77475910711485
duckie,42307,Providence,22729,14,22728,1140.611,1143.41,Lily,010202,216.77893842008078,136.3256864132673,348.2899026313502,-211.96421621808287
duckie,42307,Providence,22729,14,22728,1143.41,1146.31,Lily,010202,328.97281063970183,79.180496701458,484.6321797220871,-405.45168302062905
duckie,42307,Providence,22729,14,22728,1185.743,1187.15,Lily,010202,228.75541888759793,134.51736562969367,509.8801460996632,-375.3627804699695
duckie,42305,Providence,22729,13,22728,1620.586,1623.746,Lily,010102,304.4321163822093,70.29273982874325,514.4471305077859,-444.15439067904265
duckie,42305,Providence,22729,13,22728,1628.023,1630.423,Lily,010102,331.80646208040446,137.05105987210686,446.6844243977945,-309.6333645256876
duckie,42305,Providence,22729,13,22728,1630.423,1632.84,Lily,010102,383.4462435855131,146.59531981223176,491.4137142286403,-344.8183944164085
duckie,42305,Providence,22729,13,22728,1632.84,1634.72,Lily,010102,274.0771861575907,104.2369554304202,447.8382226896361,-343.6012672592159
duckie,42305,Providence,22729,13,22728,1671.81,1674.593,Lily,010102,154.8035923116716,134.4471067547544,248.39451491440448,-113.94740815965008
duckie,42305,Providence,22729,13,22728,1680.163,1684.631,Lily,010102,138.09208319055358,70.1158961605599,219.4292058286825,-149.3133096681226
duckie,42305,Providence,22729,13,22728,2462.685,2463.7,Lily,010102,189.2277553040636,127.27519161707534,330.98736099011745,-203.71216937304212
duckie,42305,Providence,22729,13,22728,2466.46,2467.446,Lily,010102,276.2057768587819,79.88323559133698,364.8304020945515,-284.94716650321453
duckie,42308,Providence,22729,14,22728,1481.218,1484.08,Lily,010213,190.83991257075877,66.19253746070078,375.1459718620042,-308.9534344013034
duckie,42308,Providence,22729,14,22728,1484.08,1485.425,Lily,010213,195.32823634987813,75.08457730944096,347.5462027629504,-272.46162545350944
duckie,42308,Providence,22729,14,22728,3101.645,3102.361,Lily,010213,267.08705333687055,145.98331278740008,474.0762023048675,-328.09288951746737
duckie,42313,Providence,22729,17,22728,83.491,89.855,Lily,010423,260.1064686211031,75.72076578072856,396.4057757098676,-320.685009929139
duckie,42313,Providence,22729,17,22728,89.856,90.971,Lily,010423,302.10562917344686,131.23545393652577,417.1860982341755,-285.9506442976498
duckie,42313,Providence,22729,17,22728,113.16,119.64,Lily,010423,252.0377196099182,113.9641719106232,492.2614875908403,-378.29731568021714
duckie,42309,Providence,22729,15,22728,731.621,733.373,Lily,010228,291.55049776128,80.00855722092051,468.4543137823308,-388.4457565614103
duckie,42309,Providence,22729,15,22728,734.461,736.108,Lily,010228,173.75884152726886,76.12501842453722,306.32902176511766,-230.20400334058044
duckie,42311,Providence,22729,15,22728,57.44,59.33,Lily,010313,160.04324183977008,67.824987930217,262.235899929794,-194.41091199957702
duckie,42311,Providence,22729,15,22728,59.33,61.148,Lily,010313,191.94199981881064,74.88706429041213,256.5503050524436,-181.66324076203148
duckie,42311,Providence,22729,15,22728,404.223,405.445,Lily,010313,262.36085454392975,159.7867617451395,386.5055242317391,-226.71876248659962
duckie,42314,Providence,22729,17,22728,1129.308,1130.028,Lily,010508,271.2828284370265,171.46708180293413,350.6731976391175,-179.2061158361834
duckie,42309,Providence,22729,15,22728,2555.446,2557.008,Lily,010228,338.39498423816417,80.33736848939706,523.7730731936133,-443.4357047042162
duckie,42311,Providence,22729,15,22728,2565.896,2569.458,Lily,010313,200.31516879430154,75.13162112281348,392.12055489877275,-316.98893377595925
duckie,42311,Providence,22729,15,22728,2578.16,2581.608,Lily,010313,289.79523340291496,76.43538634629553,393.4375636815989,-317.0021773353034
duckie,42311,Providence,22729,15,22728,2641.753,2643.096,Lily,010313,349.87571075464746,73.64164295174945,492.364357189599,-418.7227142378496
duckie,42311,Providence,22729,15,22728,2648.891,2655.428,Lily,010313,316.0504353451736,160.24997304094953,501.8008719919784,-341.5508989510289
duckie,42315,Providence,22729,18,22728,2815.227,2816.328,Lily,010521,201.18219203559826,104.86268029083246,389.09380218977896,-284.2311218989465
duckie,42309,Providence,22729,15,22728,2994.32,2995.64,Lily,010228,224.19021743147198,96.57247159191274,517.3125974520382,-420.74012586012543
duckie,42309,Providence,22729,15,22728,3342.92,3344.696,Lily,010228,286.73488109572827,141.60140555558783,352.3926944587494,-210.7912889031616
duckie,42309,Providence,22729,15,22728,3374.701,3378.575,Lily,010228,393.3813410132488,244.8326181436006,512.0061251966451,-267.17350705304455
duckie,42309,Providence,22729,15,22728,3378.576,3379.765,Lily,010228,285.2890825604463,239.40574604450066,343.39819740087836,-103.9924513563777
duckie,42311,Providence,22729,15,22728,3366.248,3368.431,Lily,010313,270.8642972255954,118.42840506170415,363.86621139589425,-245.4378063341901
duckie,42318,Providence,22729,19,22728,3001.496,3002.391,Lily,010701,434.22871827714357,365.0935603991774,486.4927219030504,-121.39916150387296
duckie,42318,Providence,22729,19,22728,3002.391,3006.993,Lily,010701,240.52932011890064,74.47710009334395,383.38391499755284,-308.9068149042089
duckie,42318,Providence,22729,19,22728,3006.993,3010.45,Lily,010701,298.59749179054546,123.35407742297313,486.86803860901165,-363.5139611860385
duckie,42311,Providence,22729,15,22728,3521.981,3524.681,Lily,010313,224.29641618573737,84.90855906318245,492.2325225663606,-407.32396350317816
duckie,42311,Providence,22729,15,22728,3538.635,3539.763,Lily,010313,319.5383884857358,179.89689702419514,522.8225227738266,-342.9256257496314
duckie,42311,Providence,22729,15,22728,3542.876,3544.235,Lily,010313,287.50667759765213,75.9821963799248,371.6974815564819,-295.7152851765571
duckie,42306,Providence,22729,14,22728,77.473,78.425,Lily,010117,248.44946929410128,139.18393781659915,341.9597796383075,-202.77584182170835
duckie,42306,Providence,22729,14,22728,113.606,115.038,Lily,010117,279.10559496395047,75.05109851994757,455.00034745787264,-379.94924893792506
duckie,42306,Providence,22729,14,22728,525.74,526.835,Lily,010117,179.4877565063119,84.72529603392755,247.98102412083128,-163.25572808690373
duckie,42306,Providence,22729,14,22728,527.748,528.353,Lily,010117,191.97998971425397,145.44042672945622,241.1485821351856,-95.70815540572937
duckie,42306,Providence,22729,14,22728,529.208,529.906,Lily,010117,172.8098227464843,145.76186032934805,228.70386189619805,-82.94200156685
duckie,42306,Providence,22729,14,22728,531.313,532.265,Lily,010117,250.54137887034207,75.45407216813716,495.4908599862577,-420.03678781812056
duckie,42331,Providence,22729,25,22728,725.29,727.98,Lily,020023,227.08247842800446,76.09173735575126,359.8288449990218,-283.7371076432705
duckie,42319,Providence,22729,20,22728,3544.436,3554.4,Lily,010719,220.3808862536202,75.56535964245636,439.62798010325605,-364.0626204607997
duckie,42319,Providence,22729,20,22728,3554.401,3559.131,Lily,010719,350.79282517443977,75.88092937166856,532.4348505220347,-456.55392115036614
duckie,42319,Providence,22729,20,22728,3572.288,3574.308,Lily,010719,276.55306295580624,76.81995333634616,475.50234808077977,-398.6823947444336
duckie,42319,Providence,22729,20,22728,3578.053,3580.606,Lily,010719,294.01940531922986,138.8014350106649,491.0216275146397,-352.2201925039748
duckie,42319,Providence,22729,20,22728,3588.291,3593.075,Lily,010719,340.7215525750457,161.5072340403787,496.41832311574035,-334.91108907536164
duckie,42306,Providence,22729,14,22728,1003.43,1009.116,Lily,010117,164.7308706837118,81.9955037669617,495.5328591367971,-413.5373553698354
duckie,42306,Providence,22729,14,22728,1037.355,1040.731,Lily,010117,267.967275791543,78.13382901772354,480.0669685424859,-401.93313952476234
duckie,42306,Providence,22729,14,22728,1040.731,1045.508,Lily,010117,281.34647872003615,83.67024204858663,523.4227685006175,-439.7525264520309
duckie,42306,Providence,22729,14,22728,1050.861,1053.358,Lily,010117,325.00989821785134,81.28482764143028,494.71519494889753,-413.43036730746724
duckie,42306,Providence,22729,14,22728,1137.285,1139.223,Lily,010117,163.36796406370445,73.85655212726846,391.5700525501642,-317.7135004228957
duckie,42306,Providence,22729,14,22728,1175.808,1178.898,Lily,010117,332.0346216651037,76.3083133885778,476.3156944174967,-400.00738102891887
duckie,42316,Providence,22729,18,22728,1966.03,1968.097,Lily,010611,286.8265661535106,82.43263679073627,448.12472073565857,-365.6920839449223
duckie,42310,Providence,22729,16,22728,616.186,617.57,Lily,010323,338.7972232906614,114.875191587602,516.3130175230823,-401.4378259354803
duckie,42310,Providence,22729,16,22728,643.066,644.11,Lily,010323,327.7595137895135,145.3328837706776,496.8351191840385,-351.5022354133609
duckie,42310,Providence,22729,16,22728,645.651,646.836,Lily,010323,237.4741612778005,77.46841791146173,509.4080073732459,-431.9395894617842
duckie,42306,Providence,22729,14,22728,2457.556,2459.06,Lily,010117,315.33386694130365,103.24199428253156,434.52101160642695,-331.2790173238954
duckie,42306,Providence,22729,14,22728,2463.663,2467.358,Lily,010117,320.6556258059005,113.31320007382374,449.8021564526676,-336.48895637884385
duckie,42323,Providence,22729,21,22728,2675.353,2677.186,Lily,010912,298.2519866375537,112.32100438269005,484.3490378098978,-372.0280334272078
duckie,42323,Providence,22729,21,22728,2690.376,2692.948,Lily,010912,167.0097237223638,69.1470752614815,490.00271657949105,-420.85564131800953
duckie,42327,Providence,22729,23,22728,2896.997,2898.785,Lily,011107,356.198628516034,139.39729208663172,456.1347044376957,-316.737412351064
duckie,42306,Providence,22729,14,22728,3498.606,3499.77,Lily,010117,199.97926016152334,139.71558484904943,277.39097229950596,-137.67538745045653
duckie,42310,Providence,22729,16,22728,3185.761,3187.516,Lily,010323,210.1357633255815,134.20485109570112,330.0974880904701,-195.892636994769
duckie,42352,Providence,22729,31,22728,194.941,196.308,Lily,020623,270.84992694809364,114.67910846905222,489.3103215941573,-374.6312131251051
duckie,42390,Providence,22744,14,22743,2045.855,2049.698,Naima,010207,211.91288825634504,83.0526489317176,429.3893402206393,-346.3366912889217
duckie,42375,Providence,22729,39,22728,3391.49,3393.078,Lily,030218,176.45449825737694,84.08976555033524,481.90314801974546,-397.8133824694102
duckie,42401,Providence,22744,18,22743,1068.9,1071.941,Naima,010524,229.40193921614082,95.78475940382947,335.46837623118546,-239.683616827356
duckie,42384,Providence,22729,48,22728,622.435,629.21,Lily,040002,184.35189076677977,71.49474116843686,440.2013803870477,-368.70663921861086
duckie,42435,Providence,22745,27,22743,184.745,187.35,Naima,020217,183.75500301354285,92.22657709881324,412.4048273428367,-320.1782502440235
duckie,42435,Providence,22745,27,22743,311.555,316.1,Naima,020217,178.15212198632184,100.06193816088961,479.32222215917017,-379.26028399828056
duckie,42456,Providence,22744,32,22743,1592.866,1595.143,Naima,020811,228.88164972936104,197.6230273239595,305.27935361583405,-107.65632629187456
duckie,42456,Providence,22744,32,22743,1605.481,1608.11,Naima,020811,216.4015172582598,201.43340411261192,268.2485297398559,-66.81512562724396
duckie,42444,Providence,22745,29,22743,3645.145,3647.356,Naima,020514,365.49868296456754,235.57980061841852,469.7445835803771,-234.16478296195857
duckie,42465,Providence,22744,35,22743,3090.348,3092.335,Naima,021114,276.3966086379959,100.08641775661444,497.7089262200239,-397.6225084634095
duckie,42490,Providence,22756,23,22755,445.06,447.076,Violet,011027,187.76570771658052,81.48945559107365,275.80538568952386,-194.31593009845022
duckie,42544,Providence,22766,27,22764,919.411,920.506,William,020221,311.6658505150421,298.94083462978176,326.5974624459138,-27.656627816132016
